Samplingpoint,Pollutant,Start,End,Value,Unit,AggType,Validity,Verification,ResultTime,DataCapture,FkObservationLog
IE/SPO.IE.IE0030DSample2_5,5,2023-01-01,2023-01-02,8.000000000000000000,ug.m-3,day,1,1,2024-09-05 11:18:32,100.000000000000000000,0ecdf023-f42d-4b55-87e6-42d8aefff0e2
IE/SPO.IE.IE0030DSample2_5,5,2023-01-02,2023-01-03,12.500000000000000000,ug.m-3,day,1,1,2024-09-05 11:18:32,100.000000000000000000,0ecdf023-f42d-4b55-87e6-42d8aefff0e2
IE/SPO.IE.IE0030DSample2_5,5,2023-01-03,2023-01-04,3.900000000000000000,ug.m-3,day,1,1,2024-09-05 11:18:32,100.000000000000000000,0ecdf023-f42d-4b55-87e6-42d8aefff0e2
IE/SPO.IE.IE0030DSample2_5,5,2023-01-04,2023-01-05,12.500000000000000000,ug.m-3,day,1,1,2024-09-05 11:18:32,100.000000000000000000,0ecdf023-f42d-4b55-87e6-42d8aefff0e2
IE/SPO.IE.IE0030DSample2_5,5,2023-01-05,2023-01-06,9.400000000000000000,ug.m-3,day,1,1,2024-09-05 11:18:32,100.000000000000000000,0ecdf023-f42d-4b55-87e6-42d8aefff0e2
IE/SPO.IE.IE0030DSample2_5,5,2023-01-06,2023-01-07,9.200000000000000000,ug.m-3,day,1,1,2024-09-05 11:18:32,100.000000000000000000,0ecdf023-f42d-4b55-87e6-42d8aefff0e2
IE/SPO.IE.IE0030DSample2_5,5,2023-01-07,2023-01-08,7.600000000000000000,ug.m-3,day,1,1,2024-09-05 11:18:32,100.000000000000000000,0ecdf023-f42d-4b55-87e6-42d8aefff0e2
IE/SPO.IE.IE0030DSample2_5,5,2023-01-08,2023-01-09,10.100000000000000000,ug.m-3,day,1,1,2024-09-05 11:18:32,100.000000000000000000,0ecdf023-f42d-4b55-87e6-42d8aefff0e2
IE/SPO.IE.IE0030DSample2_5,5,2023-01-09,2023-01-10,14.300000000000000000,ug.m-3,day,1,1,2024-09-05 11:18:32,100.000000000000000000,0ecdf023-f42d-4b55-87e6-42d8aefff0e2
IE/SPO.IE.IE0030DSample2_5,5,2023-01-10,2023-01-11,5.400000000000000000,ug.m-3,day,1,1,2024-09-05 11:18:32,100.000000000000000000,0ecdf023-f42d-4b55-87e6-42d8aefff0e2
IE/SPO.IE.IE0030DSample2_5,5,2023-01-11,2023-01-12,9.500000000000000000,ug.m-3,day,1,1,2024-09-05 11:18:32,100.000000000000000000,0ecdf023-f42d-4b55-87e6-42d8aefff0e2
IE/SPO.IE.IE0030DSample2_5,5,2023-01-12,2023-01-13,14.400000000000000000,ug.m-3,day,1,1,2024-09-05 11:18:32,100.000000000000000000,0ecdf023-f42d-4b55-87e6-42d8aefff0e2
IE/SPO.IE.IE0030DSample2_5,5,2023-01-13,2023-01-14,12.300000000000000000,ug.m-3,day,1,1,2024-09-05 11:18:32,100.000000000000000000,0ecdf023-f42d-4b55-87e6-42d8aefff0e2
IE/SPO.IE.IE0030DSample2_5,5,2023-01-14,2023-01-15,5.700000000000000000,ug.m-3,day,1,1,2024-09-05 11:18:32,100.000000000000000000,0ecdf023-f42d-4b55-87e6-42d8aefff0e2
IE/SPO.IE.IE0030DSample2_5,5,2023-01-15,2023-01-16,7.800000000000000000,ug.m-3,day,1,1,2024-09-05 11:18:32,100.000000000000000000,0ecdf023-f42d-4b55-87e6-42d8aefff0e2
IE/SPO.IE.IE0030DSample2_5,5,2023-01-16,2023-01-17,12.900000000000000000,ug.m-3,day,1,1,2024-09-05 11:18:32,100.000000000000000000,0ecdf023-f42d-4b55-87e6-42d8aefff0e2
IE/SPO.IE.IE0030DSample2_5,5,2023-01-17,2023-01-18,13.900000000000000000,ug.m-3,day,1,1,2024-09-05 11:18:32,100.000000000000000000,0ecdf023-f42d-4b55-87e6-42d8aefff0e2
IE/SPO.IE.IE0030DSample2_5,5,2023-01-18,2023-01-19,5.900000000000000000,ug.m-3,day,1,1,2024-09-05 11:18:32,100.000000000000000000,0ecdf023-f42d-4b55-87e6-42d8aefff0e2
IE/SPO.IE.IE0030DSample2_5,5,2023-01-19,2023-01-20,13.400000000000000000,ug.m-3,day,1,1,2024-09-05 11:18:32,100.000000000000000000,0ecdf023-f42d-4b55-87e6-42d8aefff0e2
IE/SPO.IE.IE0030DSample2_5,5,2023-01-20,2023-01-21,24.800000000000000000,ug.m-3,day,1,1,2024-09-05 11:18:32,100.000000000000000000,0ecdf023-f42d-4b55-87e6-42d8aefff0e2
IE/SPO.IE.IE0030DSample2_5,5,2023-01-21,2023-01-22,4.700000000000000000,ug.m-3,day,1,1,2024-09-05 11:18:32,100.000000000000000000,0ecdf023-f42d-4b55-87e6-42d8aefff0e2
IE/SPO.IE.IE0030DSample2_5,5,2023-01-22,2023-01-23,1.900000000000000000,ug.m-3,day,1,1,2024-09-05 11:18:32,100.000000000000000000,0ecdf023-f42d-4b55-87e6-42d8aefff0e2
IE/SPO.IE.IE0030DSample2_5,5,2023-01-23,2023-01-24,3.500000000000000000,ug.m-3,day,1,1,2024-09-05 11:18:32,100.000000000000000000,0ecdf023-f42d-4b55-87e6-42d8aefff0e2
IE/SPO.IE.IE0030DSample2_5,5,2023-01-24,2023-01-25,6.300000000000000000,ug.m-3,day,1,1,2024-09-05 11:18:32,100.000000000000000000,0ecdf023-f42d-4b55-87e6-42d8aefff0e2
IE/SPO.IE.IE0030DSample2_5,5,2023-01-25,2023-01-26,14.400000000000000000,ug.m-3,day,1,1,2024-09-05 11:18:32,100.000000000000000000,0ecdf023-f42d-4b55-87e6-42d8aefff0e2
IE/SPO.IE.IE0030DSample2_5,5,2023-01-26,2023-01-27,21.200000000000000000,ug.m-3,day,1,1,2024-09-05 11:18:32,100.000000000000000000,0ecdf023-f42d-4b55-87e6-42d8aefff0e2
IE/SPO.IE.IE0030DSample2_5,5,2023-01-27,2023-01-28,26.500000000000000000,ug.m-3,day,1,1,2024-09-05 11:18:32,100.000000000000000000,0ecdf023-f42d-4b55-87e6-42d8aefff0e2
IE/SPO.IE.IE0030DSample2_5,5,2023-01-28,2023-01-29,9.400000000000000000,ug.m-3,day,1,1,2024-09-05 11:18:32,100.000000000000000000,0ecdf023-f42d-4b55-87e6-42d8aefff0e2
IE/SPO.IE.IE0030DSample2_5,5,2023-01-29,2023-01-30,7.500000000000000000,ug.m-3,day,1,1,2024-09-05 11:18:32,100.000000000000000000,0ecdf023-f42d-4b55-87e6-42d8aefff0e2
IE/SPO.IE.IE0030DSample2_5,5,2023-01-30,2023-01-31,17.800000000000000000,ug.m-3,day,1,1,2024-09-05 11:18:32,100.000000000000000000,0ecdf023-f42d-4b55-87e6-42d8aefff0e2
IE/SPO.IE.IE0030DSample2_5,5,2023-01-31,2023-02-01,19.800000000000000000,ug.m-3,day,1,1,2024-09-05 11:18:32,100.000000000000000000,0ecdf023-f42d-4b55-87e6-42d8aefff0e2
IE/SPO.IE.IE0030DSample2_5,5,2023-02-01,2023-02-02,17.200000000000000000,ug.m-3,day,1,1,2024-09-05 11:18:32,100.000000000000000000,0ecdf023-f42d-4b55-87e6-42d8aefff0e2
IE/SPO.IE.IE0030DSample2_5,5,2023-02-02,2023-02-03,4.600000000000000000,ug.m-3,day,1,1,2024-09-05 11:18:32,100.000000000000000000,0ecdf023-f42d-4b55-87e6-42d8aefff0e2
IE/SPO.IE.IE0030DSample2_5,5,2023-02-03,2023-02-04,8.800000000000000000,ug.m-3,day,1,1,2024-09-05 11:18:32,100.000000000000000000,0ecdf023-f42d-4b55-87e6-42d8aefff0e2
IE/SPO.IE.IE0030DSample2_5,5,2023-02-04,2023-02-05,12.300000000000000000,ug.m-3,day,1,1,2024-09-05 11:18:32,100.000000000000000000,0ecdf023-f42d-4b55-87e6-42d8aefff0e2
IE/SPO.IE.IE0030DSample2_5,5,2023-02-05,2023-02-06,24.800000000000000000,ug.m-3,day,1,1,2024-09-05 11:18:32,100.000000000000000000,0ecdf023-f42d-4b55-87e6-42d8aefff0e2
IE/SPO.IE.IE0030DSample2_5,5,2023-02-06,2023-02-07,26.300000000000000000,ug.m-3,day,1,1,2024-09-05 11:18:32,100.000000000000000000,0ecdf023-f42d-4b55-87e6-42d8aefff0e2
IE/SPO.IE.IE0030DSample2_5,5,2023-02-07,2023-02-08,24.500000000000000000,ug.m-3,day,1,1,2024-09-05 11:18:32,100.000000000000000000,0ecdf023-f42d-4b55-87e6-42d8aefff0e2
IE/SPO.IE.IE0030DSample2_5,5,2023-02-08,2023-02-09,15.900000000000000000,ug.m-3,day,1,1,2024-09-05 11:18:32,100.000000000000000000,0ecdf023-f42d-4b55-87e6-42d8aefff0e2
IE/SPO.IE.IE0030DSample2_5,5,2023-02-09,2023-02-10,24.900000000000000000,ug.m-3,day,1,1,2024-09-05 11:18:32,100.000000000000000000,0ecdf023-f42d-4b55-87e6-42d8aefff0e2
IE/SPO.IE.IE0030DSample2_5,5,2023-02-10,2023-02-11,7.900000000000000000,ug.m-3,day,1,1,2024-09-05 11:18:32,100.000000000000000000,0ecdf023-f42d-4b55-87e6-42d8aefff0e2
IE/SPO.IE.IE0030DSample2_5,5,2023-02-11,2023-02-12,13.800000000000000000,ug.m-3,day,1,1,2024-09-05 11:18:32,100.000000000000000000,0ecdf023-f42d-4b55-87e6-42d8aefff0e2
IE/SPO.IE.IE0030DSample2_5,5,2023-02-12,2023-02-13,14.700000000000000000,ug.m-3,day,1,1,2024-09-05 11:18:32,100.000000000000000000,0ecdf023-f42d-4b55-87e6-42d8aefff0e2
IE/SPO.IE.IE0030DSample2_5,5,2023-02-13,2023-02-14,36.500000000000000000,ug.m-3,day,1,1,2024-09-05 11:18:32,100.000000000000000000,0ecdf023-f42d-4b55-87e6-42d8aefff0e2
IE/SPO.IE.IE0030DSample2_5,5,2023-02-14,2023-02-15,24.100000000000000000,ug.m-3,day,1,1,2024-09-05 11:18:32,100.000000000000000000,0ecdf023-f42d-4b55-87e6-42d8aefff0e2
IE/SPO.IE.IE0030DSample2_5,5,2023-02-15,2023-02-16,15.900000000000000000,ug.m-3,day,1,1,2024-09-05 11:18:32,100.000000000000000000,0ecdf023-f42d-4b55-87e6-42d8aefff0e2
IE/SPO.IE.IE0030DSample2_5,5,2023-02-16,2023-02-17,4.400000000000000000,ug.m-3,day,1,1,2024-09-05 11:18:32,100.000000000000000000,0ecdf023-f42d-4b55-87e6-42d8aefff0e2
IE/SPO.IE.IE0030DSample2_5,5,2023-02-17,2023-02-18,11.700000000000000000,ug.m-3,day,1,1,2024-09-05 11:18:32,100.000000000000000000,0ecdf023-f42d-4b55-87e6-42d8aefff0e2
IE/SPO.IE.IE0030DSample2_5,5,2023-02-18,2023-02-19,7.300000000000000000,ug.m-3,day,1,1,2024-09-05 11:18:32,100.000000000000000000,0ecdf023-f42d-4b55-87e6-42d8aefff0e2
IE/SPO.IE.IE0030DSample2_5,5,2023-02-19,2023-02-20,4.600000000000000000,ug.m-3,day,1,1,2024-09-05 11:18:32,100.000000000000000000,0ecdf023-f42d-4b55-87e6-42d8aefff0e2
IE/SPO.IE.IE0030DSample2_5,5,2023-02-20,2023-02-21,8.500000000000000000,ug.m-3,day,1,1,2024-09-05 11:18:32,100.000000000000000000,0ecdf023-f42d-4b55-87e6-42d8aefff0e2
IE/SPO.IE.IE0030DSample2_5,5,2023-02-21,2023-02-22,8.900000000000000000,ug.m-3,day,1,1,2024-09-05 11:18:32,100.000000000000000000,0ecdf023-f42d-4b55-87e6-42d8aefff0e2
IE/SPO.IE.IE0030DSample2_5,5,2023-02-22,2023-02-23,12.700000000000000000,ug.m-3,day,1,1,2024-09-05 11:18:32,100.000000000000000000,0ecdf023-f42d-4b55-87e6-42d8aefff0e2
IE/SPO.IE.IE0030DSample2_5,5,2023-02-23,2023-02-24,25.500000000000000000,ug.m-3,day,1,1,2024-09-05 11:18:32,100.000000000000000000,0ecdf023-f42d-4b55-87e6-42d8aefff0e2
IE/SPO.IE.IE0030DSample2_5,5,2023-02-24,2023-02-25,21.900000000000000000,ug.m-3,day,1,1,2024-09-05 11:18:32,100.000000000000000000,0ecdf023-f42d-4b55-87e6-42d8aefff0e2
IE/SPO.IE.IE0030DSample2_5,5,2023-02-25,2023-02-26,13.800000000000000000,ug.m-3,day,1,1,2024-09-05 11:18:32,100.000000000000000000,0ecdf023-f42d-4b55-87e6-42d8aefff0e2
IE/SPO.IE.IE0030DSample2_5,5,2023-02-26,2023-02-27,9.200000000000000000,ug.m-3,day,1,1,2024-09-05 11:18:32,100.000000000000000000,0ecdf023-f42d-4b55-87e6-42d8aefff0e2
IE/SPO.IE.IE0030DSample2_5,5,2023-02-27,2023-02-28,8.300000000000000000,ug.m-3,day,1,1,2024-09-05 11:18:32,100.000000000000000000,0ecdf023-f42d-4b55-87e6-42d8aefff0e2
IE/SPO.IE.IE0030DSample2_5,5,2023-02-28,2023-03-01,46.900000000000000000,ug.m-3,day,1,1,2024-09-05 11:18:32,100.000000000000000000,0ecdf023-f42d-4b55-87e6-42d8aefff0e2
IE/SPO.IE.IE0030DSample2_5,5,2023-03-01,2023-03-02,10.300000000000000000,ug.m-3,day,1,1,2024-09-05 11:18:32,100.000000000000000000,0ecdf023-f42d-4b55-87e6-42d8aefff0e2
IE/SPO.IE.IE0030DSample2_5,5,2023-03-02,2023-03-03,8.600000000000000000,ug.m-3,day,1,1,2024-09-05 11:18:32,100.000000000000000000,0ecdf023-f42d-4b55-87e6-42d8aefff0e2
IE/SPO.IE.IE0030DSample2_5,5,2023-03-03,2023-03-04,14.300000000000000000,ug.m-3,day,1,1,2024-09-05 11:18:32,100.000000000000000000,0ecdf023-f42d-4b55-87e6-42d8aefff0e2
IE/SPO.IE.IE0030DSample2_5,5,2023-03-04,2023-03-05,20.800000000000000000,ug.m-3,day,1,1,2024-09-05 11:18:32,100.000000000000000000,0ecdf023-f42d-4b55-87e6-42d8aefff0e2
IE/SPO.IE.IE0030DSample2_5,5,2023-03-05,2023-03-06,15.200000000000000000,ug.m-3,day,1,1,2024-09-05 11:18:32,100.000000000000000000,0ecdf023-f42d-4b55-87e6-42d8aefff0e2
IE/SPO.IE.IE0030DSample2_5,5,2023-03-06,2023-03-07,9.500000000000000000,ug.m-3,day,1,1,2024-09-05 11:18:32,100.000000000000000000,0ecdf023-f42d-4b55-87e6-42d8aefff0e2
IE/SPO.IE.IE0030DSample2_5,5,2023-03-07,2023-03-08,30.300000000000000000,ug.m-3,day,1,1,2024-09-05 11:18:32,100.000000000000000000,0ecdf023-f42d-4b55-87e6-42d8aefff0e2
IE/SPO.IE.IE0030DSample2_5,5,2023-03-08,2023-03-09,11.100000000000000000,ug.m-3,day,1,1,2024-09-05 11:18:32,100.000000000000000000,0ecdf023-f42d-4b55-87e6-42d8aefff0e2
IE/SPO.IE.IE0030DSample2_5,5,2023-03-09,2023-03-10,7.800000000000000000,ug.m-3,day,1,1,2024-09-05 11:18:32,100.000000000000000000,0ecdf023-f42d-4b55-87e6-42d8aefff0e2
IE/SPO.IE.IE0030DSample2_5,5,2023-03-10,2023-03-11,24.400000000000000000,ug.m-3,day,1,1,2024-09-05 11:18:32,100.000000000000000000,0ecdf023-f42d-4b55-87e6-42d8aefff0e2
IE/SPO.IE.IE0030DSample2_5,5,2023-03-11,2023-03-12,13.600000000000000000,ug.m-3,day,1,1,2024-09-05 11:18:32,100.000000000000000000,0ecdf023-f42d-4b55-87e6-42d8aefff0e2
IE/SPO.IE.IE0030DSample2_5,5,2023-03-12,2023-03-13,12.400000000000000000,ug.m-3,day,1,1,2024-09-05 11:18:32,100.000000000000000000,0ecdf023-f42d-4b55-87e6-42d8aefff0e2
IE/SPO.IE.IE0030DSample2_5,5,2023-03-13,2023-03-14,6.200000000000000000,ug.m-3,day,1,1,2024-09-05 11:18:32,100.000000000000000000,0ecdf023-f42d-4b55-87e6-42d8aefff0e2
IE/SPO.IE.IE0030DSample2_5,5,2023-03-14,2023-03-15,8.400000000000000000,ug.m-3,day,1,1,2024-09-05 11:18:32,100.000000000000000000,0ecdf023-f42d-4b55-87e6-42d8aefff0e2
IE/SPO.IE.IE0030DSample2_5,5,2023-03-15,2023-03-16,5.300000000000000000,ug.m-3,day,1,1,2024-09-05 11:18:32,100.000000000000000000,0ecdf023-f42d-4b55-87e6-42d8aefff0e2
IE/SPO.IE.IE0030DSample2_5,5,2023-03-16,2023-03-17,6.100000000000000000,ug.m-3,day,1,1,2024-09-05 11:18:32,100.000000000000000000,0ecdf023-f42d-4b55-87e6-42d8aefff0e2
IE/SPO.IE.IE0030DSample2_5,5,2023-03-17,2023-03-18,8.100000000000000000,ug.m-3,day,1,1,2024-09-05 11:18:32,100.000000000000000000,0ecdf023-f42d-4b55-87e6-42d8aefff0e2
IE/SPO.IE.IE0030DSample2_5,5,2023-03-18,2023-03-19,7.300000000000000000,ug.m-3,day,1,1,2024-09-05 11:18:32,100.000000000000000000,0ecdf023-f42d-4b55-87e6-42d8aefff0e2
IE/SPO.IE.IE0030DSample2_5,5,2023-03-19,2023-03-20,9.400000000000000000,ug.m-3,day,1,1,2024-09-05 11:18:32,100.000000000000000000,0ecdf023-f42d-4b55-87e6-42d8aefff0e2
IE/SPO.IE.IE0030DSample2_5,5,2023-03-20,2023-03-21,4.700000000000000000,ug.m-3,day,1,1,2024-09-05 11:18:32,100.000000000000000000,0ecdf023-f42d-4b55-87e6-42d8aefff0e2
IE/SPO.IE.IE0030DSample2_5,5,2023-03-21,2023-03-22,5.200000000000000000,ug.m-3,day,1,1,2024-09-05 11:18:32,100.000000000000000000,0ecdf023-f42d-4b55-87e6-42d8aefff0e2
IE/SPO.IE.IE0030DSample2_5,5,2023-03-22,2023-03-23,12.000000000000000000,ug.m-3,day,1,1,2024-09-05 11:18:32,100.000000000000000000,0ecdf023-f42d-4b55-87e6-42d8aefff0e2
IE/SPO.IE.IE0030DSample2_5,5,2023-03-23,2023-03-24,8.100000000000000000,ug.m-3,day,1,1,2024-09-05 11:18:32,100.000000000000000000,0ecdf023-f42d-4b55-87e6-42d8aefff0e2
IE/SPO.IE.IE0030DSample2_5,5,2023-03-24,2023-03-25,9.100000000000000000,ug.m-3,day,1,1,2024-09-05 11:18:32,100.000000000000000000,0ecdf023-f42d-4b55-87e6-42d8aefff0e2
IE/SPO.IE.IE0030DSample2_5,5,2023-03-25,2023-03-26,15.600000000000000000,ug.m-3,day,1,1,2024-09-05 11:18:32,100.000000000000000000,0ecdf023-f42d-4b55-87e6-42d8aefff0e2
IE/SPO.IE.IE0030DSample2_5,5,2023-03-26,2023-03-27,16.700000000000000000,ug.m-3,day,1,1,2024-09-05 11:18:32,100.000000000000000000,0ecdf023-f42d-4b55-87e6-42d8aefff0e2
IE/SPO.IE.IE0030DSample2_5,5,2023-03-27,2023-03-28,15.500000000000000000,ug.m-3,day,1,1,2024-09-05 11:18:32,100.000000000000000000,0ecdf023-f42d-4b55-87e6-42d8aefff0e2
IE/SPO.IE.IE0030DSample2_5,5,2023-03-28,2023-03-29,8.100000000000000000,ug.m-3,day,1,1,2024-09-05 11:18:32,100.000000000000000000,0ecdf023-f42d-4b55-87e6-42d8aefff0e2
IE/SPO.IE.IE0030DSample2_5,5,2023-03-29,2023-03-30,12.500000000000000000,ug.m-3,day,1,1,2024-09-05 11:18:32,100.000000000000000000,0ecdf023-f42d-4b55-87e6-42d8aefff0e2
IE/SPO.IE.IE0030DSample2_5,5,2023-03-30,2023-03-31,11.900000000000000000,ug.m-3,day,1,1,2024-09-05 11:18:32,100.000000000000000000,0ecdf023-f42d-4b55-87e6-42d8aefff0e2
IE/SPO.IE.IE0030DSample2_5,5,2023-03-31,2023-04-01,7.100000000000000000,ug.m-3,day,1,1,2024-09-05 11:18:32,100.000000000000000000,0ecdf023-f42d-4b55-87e6-42d8aefff0e2
IE/SPO.IE.IE0030DSample2_5,5,2023-04-01,2023-04-02,5.500000000000000000,ug.m-3,day,1,1,2024-09-05 11:18:32,100.000000000000000000,0ecdf023-f42d-4b55-87e6-42d8aefff0e2
IE/SPO.IE.IE0030DSample2_5,5,2023-04-02,2023-04-03,-999.000000000000000000,ug.m-3,day,-1,1,2024-09-05 11:18:32,0E-18,0ecdf023-f42d-4b55-87e6-42d8aefff0e2
IE/SPO.IE.IE0030DSample2_5,5,2023-04-03,2023-04-04,-999.000000000000000000,ug.m-3,day,-1,1,2024-09-05 11:18:32,0E-18,0ecdf023-f42d-4b55-87e6-42d8aefff0e2
IE/SPO.IE.IE0030DSample2_5,5,2023-04-04,2023-04-05,-999.000000000000000000,ug.m-3,day,-1,1,2024-09-05 11:18:32,0E-18,0ecdf023-f42d-4b55-87e6-42d8aefff0e2
IE/SPO.IE.IE0030DSample2_5,5,2023-04-05,2023-04-06,-999.000000000000000000,ug.m-3,day,-1,1,2024-09-05 11:18:32,0E-18,0ecdf023-f42d-4b55-87e6-42d8aefff0e2
IE/SPO.IE.IE0030DSample2_5,5,2023-04-06,2023-04-07,-999.000000000000000000,ug.m-3,day,-1,1,2024-09-05 11:18:32,0E-18,0ecdf023-f42d-4b55-87e6-42d8aefff0e2
IE/SPO.IE.IE0030DSample2_5,5,2023-04-07,2023-04-08,-999.000000000000000000,ug.m-3,day,-1,1,2024-09-05 11:18:32,0E-18,0ecdf023-f42d-4b55-87e6-42d8aefff0e2
IE/SPO.IE.IE0030DSample2_5,5,2023-04-08,2023-04-09,-999.000000000000000000,ug.m-3,day,-1,1,2024-09-05 11:18:32,0E-18,0ecdf023-f42d-4b55-87e6-42d8aefff0e2
IE/SPO.IE.IE0030DSample2_5,5,2023-04-09,2023-04-10,-999.000000000000000000,ug.m-3,day,-1,1,2024-09-05 11:18:32,0E-18,0ecdf023-f42d-4b55-87e6-42d8aefff0e2
IE/SPO.IE.IE0030DSample2_5,5,2023-04-10,2023-04-11,-999.000000000000000000,ug.m-3,day,-1,1,2024-09-05 11:18:32,0E-18,0ecdf023-f42d-4b55-87e6-42d8aefff0e2
IE/SPO.IE.IE0030DSample2_5,5,2023-04-11,2023-04-12,-999.000000000000000000,ug.m-3,day,-1,1,2024-09-05 11:18:32,0E-18,0ecdf023-f42d-4b55-87e6-42d8aefff0e2
IE/SPO.IE.IE0030DSample2_5,5,2023-04-12,2023-04-13,-999.000000000000000000,ug.m-3,day,-1,1,2024-09-05 11:18:32,0E-18,0ecdf023-f42d-4b55-87e6-42d8aefff0e2
IE/SPO.IE.IE0030DSample2_5,5,2023-04-13,2023-04-14,11.300000000000000000,ug.m-3,day,1,1,2024-09-05 11:18:32,100.000000000000000000,0ecdf023-f42d-4b55-87e6-42d8aefff0e2
IE/SPO.IE.IE0030DSample2_5,5,2023-04-14,2023-04-15,14.000000000000000000,ug.m-3,day,1,1,2024-09-05 11:18:32,100.000000000000000000,0ecdf023-f42d-4b55-87e6-42d8aefff0e2
IE/SPO.IE.IE0030DSample2_5,5,2023-04-15,2023-04-16,10.100000000000000000,ug.m-3,day,1,1,2024-09-05 11:18:32,100.000000000000000000,0ecdf023-f42d-4b55-87e6-42d8aefff0e2
IE/SPO.IE.IE0030DSample2_5,5,2023-04-16,2023-04-17,8.100000000000000000,ug.m-3,day,1,1,2024-09-05 11:18:32,100.000000000000000000,0ecdf023-f42d-4b55-87e6-42d8aefff0e2
IE/SPO.IE.IE0030DSample2_5,5,2023-04-17,2023-04-18,11.700000000000000000,ug.m-3,day,1,1,2024-09-05 11:18:32,100.000000000000000000,0ecdf023-f42d-4b55-87e6-42d8aefff0e2
IE/SPO.IE.IE0030DSample2_5,5,2023-04-18,2023-04-19,23.300000000000000000,ug.m-3,day,1,1,2024-09-05 11:18:32,100.000000000000000000,0ecdf023-f42d-4b55-87e6-42d8aefff0e2
IE/SPO.IE.IE0030DSample2_5,5,2023-04-19,2023-04-20,24.500000000000000000,ug.m-3,day,1,1,2024-09-05 11:18:32,100.000000000000000000,0ecdf023-f42d-4b55-87e6-42d8aefff0e2
IE/SPO.IE.IE0030DSample2_5,5,2023-04-20,2023-04-21,15.200000000000000000,ug.m-3,day,1,1,2024-09-05 11:18:32,100.000000000000000000,0ecdf023-f42d-4b55-87e6-42d8aefff0e2
IE/SPO.IE.IE0030DSample2_5,5,2023-04-21,2023-04-22,23.500000000000000000,ug.m-3,day,1,1,2024-09-05 11:18:32,100.000000000000000000,0ecdf023-f42d-4b55-87e6-42d8aefff0e2
IE/SPO.IE.IE0030DSample2_5,5,2023-04-22,2023-04-23,14.400000000000000000,ug.m-3,day,1,1,2024-09-05 11:18:32,100.000000000000000000,0ecdf023-f42d-4b55-87e6-42d8aefff0e2
IE/SPO.IE.IE0030DSample2_5,5,2023-04-23,2023-04-24,11.300000000000000000,ug.m-3,day,1,1,2024-09-05 11:18:32,100.000000000000000000,0ecdf023-f42d-4b55-87e6-42d8aefff0e2
IE/SPO.IE.IE0030DSample2_5,5,2023-04-24,2023-04-25,13.000000000000000000,ug.m-3,day,1,1,2024-09-05 11:18:32,100.000000000000000000,0ecdf023-f42d-4b55-87e6-42d8aefff0e2
IE/SPO.IE.IE0030DSample2_5,5,2023-04-25,2023-04-26,10.800000000000000000,ug.m-3,day,1,1,2024-09-05 11:18:32,100.000000000000000000,0ecdf023-f42d-4b55-87e6-42d8aefff0e2
IE/SPO.IE.IE0030DSample2_5,5,2023-04-26,2023-04-27,13.200000000000000000,ug.m-3,day,1,1,2024-09-05 11:18:32,100.000000000000000000,0ecdf023-f42d-4b55-87e6-42d8aefff0e2
IE/SPO.IE.IE0030DSample2_5,5,2023-04-27,2023-04-28,13.400000000000000000,ug.m-3,day,1,1,2024-09-05 11:18:32,100.000000000000000000,0ecdf023-f42d-4b55-87e6-42d8aefff0e2
IE/SPO.IE.IE0030DSample2_5,5,2023-04-28,2023-04-29,14.300000000000000000,ug.m-3,day,1,1,2024-09-05 11:18:32,100.000000000000000000,0ecdf023-f42d-4b55-87e6-42d8aefff0e2
IE/SPO.IE.IE0030DSample2_5,5,2023-04-29,2023-04-30,7.800000000000000000,ug.m-3,day,1,1,2024-09-05 11:18:32,100.000000000000000000,0ecdf023-f42d-4b55-87e6-42d8aefff0e2
IE/SPO.IE.IE0030DSample2_5,5,2023-04-30,2023-05-01,5.400000000000000000,ug.m-3,day,1,1,2024-09-05 11:18:32,100.000000000000000000,0ecdf023-f42d-4b55-87e6-42d8aefff0e2
IE/SPO.IE.IE0030DSample2_5,5,2023-05-01,2023-05-02,4.800000000000000000,ug.m-3,day,1,1,2024-09-05 11:18:32,100.000000000000000000,0ecdf023-f42d-4b55-87e6-42d8aefff0e2
IE/SPO.IE.IE0030DSample2_5,5,2023-05-02,2023-05-03,9.300000000000000000,ug.m-3,day,1,1,2024-09-05 11:18:32,100.000000000000000000,0ecdf023-f42d-4b55-87e6-42d8aefff0e2
IE/SPO.IE.IE0030DSample2_5,5,2023-05-03,2023-05-04,12.800000000000000000,ug.m-3,day,1,1,2024-09-05 11:18:32,100.000000000000000000,0ecdf023-f42d-4b55-87e6-42d8aefff0e2
IE/SPO.IE.IE0030DSample2_5,5,2023-05-04,2023-05-05,24.400000000000000000,ug.m-3,day,1,1,2024-09-05 11:18:32,100.000000000000000000,0ecdf023-f42d-4b55-87e6-42d8aefff0e2
IE/SPO.IE.IE0030DSample2_5,5,2023-05-05,2023-05-06,6.800000000000000000,ug.m-3,day,1,1,2024-09-05 11:18:32,100.000000000000000000,0ecdf023-f42d-4b55-87e6-42d8aefff0e2
IE/SPO.IE.IE0030DSample2_5,5,2023-05-06,2023-05-07,7.600000000000000000,ug.m-3,day,1,1,2024-09-05 11:18:32,100.000000000000000000,0ecdf023-f42d-4b55-87e6-42d8aefff0e2
IE/SPO.IE.IE0030DSample2_5,5,2023-05-07,2023-05-08,5.600000000000000000,ug.m-3,day,1,1,2024-09-05 11:18:32,100.000000000000000000,0ecdf023-f42d-4b55-87e6-42d8aefff0e2
IE/SPO.IE.IE0030DSample2_5,5,2023-05-08,2023-05-09,8.300000000000000000,ug.m-3,day,1,1,2024-09-05 11:18:32,100.000000000000000000,0ecdf023-f42d-4b55-87e6-42d8aefff0e2
IE/SPO.IE.IE0030DSample2_5,5,2023-05-09,2023-05-10,-999.000000000000000000,ug.m-3,day,-1,1,2024-09-05 11:18:32,0E-18,0ecdf023-f42d-4b55-87e6-42d8aefff0e2
IE/SPO.IE.IE0030DSample2_5,5,2023-05-10,2023-05-11,-999.000000000000000000,ug.m-3,day,-1,1,2024-09-05 11:18:32,0E-18,0ecdf023-f42d-4b55-87e6-42d8aefff0e2
IE/SPO.IE.IE0030DSample2_5,5,2023-05-11,2023-05-12,-999.000000000000000000,ug.m-3,day,-1,1,2024-09-05 11:18:32,0E-18,0ecdf023-f42d-4b55-87e6-42d8aefff0e2
IE/SPO.IE.IE0030DSample2_5,5,2023-05-12,2023-05-13,-999.000000000000000000,ug.m-3,day,-1,1,2024-09-05 11:18:32,0E-18,0ecdf023-f42d-4b55-87e6-42d8aefff0e2
IE/SPO.IE.IE0030DSample2_5,5,2023-05-13,2023-05-14,13.500000000000000000,ug.m-3,day,1,1,2024-09-05 11:18:32,100.000000000000000000,0ecdf023-f42d-4b55-87e6-42d8aefff0e2
IE/SPO.IE.IE0030DSample2_5,5,2023-05-14,2023-05-15,8.000000000000000000,ug.m-3,day,1,1,2024-09-05 11:18:32,100.000000000000000000,0ecdf023-f42d-4b55-87e6-42d8aefff0e2
IE/SPO.IE.IE0030DSample2_5,5,2023-05-15,2023-05-16,9.000000000000000000,ug.m-3,day,1,1,2024-09-05 11:18:32,100.000000000000000000,0ecdf023-f42d-4b55-87e6-42d8aefff0e2
IE/SPO.IE.IE0030DSample2_5,5,2023-05-16,2023-05-17,15.900000000000000000,ug.m-3,day,1,1,2024-09-05 11:18:32,100.000000000000000000,0ecdf023-f42d-4b55-87e6-42d8aefff0e2
IE/SPO.IE.IE0030DSample2_5,5,2023-05-17,2023-05-18,20.200000000000000000,ug.m-3,day,1,1,2024-09-05 11:18:32,100.000000000000000000,0ecdf023-f42d-4b55-87e6-42d8aefff0e2
IE/SPO.IE.IE0030DSample2_5,5,2023-05-18,2023-05-19,16.000000000000000000,ug.m-3,day,1,1,2024-09-05 11:18:32,100.000000000000000000,0ecdf023-f42d-4b55-87e6-42d8aefff0e2
IE/SPO.IE.IE0030DSample2_5,5,2023-05-19,2023-05-20,21.400000000000000000,ug.m-3,day,1,1,2024-09-05 11:18:32,100.000000000000000000,0ecdf023-f42d-4b55-87e6-42d8aefff0e2
IE/SPO.IE.IE0030DSample2_5,5,2023-05-20,2023-05-21,21.000000000000000000,ug.m-3,day,1,1,2024-09-05 11:18:32,100.000000000000000000,0ecdf023-f42d-4b55-87e6-42d8aefff0e2
IE/SPO.IE.IE0030DSample2_5,5,2023-05-21,2023-05-22,19.600000000000000000,ug.m-3,day,1,1,2024-09-05 11:18:32,100.000000000000000000,0ecdf023-f42d-4b55-87e6-42d8aefff0e2
IE/SPO.IE.IE0030DSample2_5,5,2023-05-22,2023-05-23,12.600000000000000000,ug.m-3,day,1,1,2024-09-05 11:18:32,100.000000000000000000,0ecdf023-f42d-4b55-87e6-42d8aefff0e2
IE/SPO.IE.IE0030DSample2_5,5,2023-05-23,2023-05-24,17.400000000000000000,ug.m-3,day,1,1,2024-09-05 11:18:32,100.000000000000000000,0ecdf023-f42d-4b55-87e6-42d8aefff0e2
IE/SPO.IE.IE0030DSample2_5,5,2023-05-24,2023-05-25,16.300000000000000000,ug.m-3,day,1,1,2024-09-05 11:18:32,100.000000000000000000,0ecdf023-f42d-4b55-87e6-42d8aefff0e2
IE/SPO.IE.IE0030DSample2_5,5,2023-05-25,2023-05-26,12.300000000000000000,ug.m-3,day,1,1,2024-09-05 11:18:32,100.000000000000000000,0ecdf023-f42d-4b55-87e6-42d8aefff0e2
IE/SPO.IE.IE0030DSample2_5,5,2023-05-26,2023-05-27,10.400000000000000000,ug.m-3,day,1,1,2024-09-05 11:18:32,100.000000000000000000,0ecdf023-f42d-4b55-87e6-42d8aefff0e2
IE/SPO.IE.IE0030DSample2_5,5,2023-05-27,2023-05-28,7.700000000000000000,ug.m-3,day,1,1,2024-09-05 11:18:32,100.000000000000000000,0ecdf023-f42d-4b55-87e6-42d8aefff0e2
IE/SPO.IE.IE0030DSample2_5,5,2023-05-28,2023-05-29,14.800000000000000000,ug.m-3,day,1,1,2024-09-05 11:18:32,100.000000000000000000,0ecdf023-f42d-4b55-87e6-42d8aefff0e2
IE/SPO.IE.IE0030DSample2_5,5,2023-05-29,2023-05-30,16.900000000000000000,ug.m-3,day,1,1,2024-09-05 11:18:32,100.000000000000000000,0ecdf023-f42d-4b55-87e6-42d8aefff0e2
IE/SPO.IE.IE0030DSample2_5,5,2023-05-30,2023-05-31,17.300000000000000000,ug.m-3,day,1,1,2024-09-05 11:18:32,100.000000000000000000,0ecdf023-f42d-4b55-87e6-42d8aefff0e2
IE/SPO.IE.IE0030DSample2_5,5,2023-05-31,2023-06-01,16.500000000000000000,ug.m-3,day,1,1,2024-09-05 11:18:32,100.000000000000000000,0ecdf023-f42d-4b55-87e6-42d8aefff0e2
IE/SPO.IE.IE0030DSample2_5,5,2023-06-01,2023-06-02,16.000000000000000000,ug.m-3,day,1,1,2024-09-05 11:18:32,100.000000000000000000,0ecdf023-f42d-4b55-87e6-42d8aefff0e2
IE/SPO.IE.IE0030DSample2_5,5,2023-06-02,2023-06-03,13.300000000000000000,ug.m-3,day,1,1,2024-09-05 11:18:32,100.000000000000000000,0ecdf023-f42d-4b55-87e6-42d8aefff0e2
IE/SPO.IE.IE0030DSample2_5,5,2023-06-03,2023-06-04,13.200000000000000000,ug.m-3,day,1,1,2024-09-05 11:18:32,100.000000000000000000,0ecdf023-f42d-4b55-87e6-42d8aefff0e2
IE/SPO.IE.IE0030DSample2_5,5,2023-06-04,2023-06-05,11.400000000000000000,ug.m-3,day,1,1,2024-09-05 11:18:32,100.000000000000000000,0ecdf023-f42d-4b55-87e6-42d8aefff0e2
IE/SPO.IE.IE0030DSample2_5,5,2023-06-05,2023-06-06,10.700000000000000000,ug.m-3,day,1,1,2024-09-05 11:18:32,100.000000000000000000,0ecdf023-f42d-4b55-87e6-42d8aefff0e2
IE/SPO.IE.IE0030DSample2_5,5,2023-06-06,2023-06-07,13.800000000000000000,ug.m-3,day,1,1,2024-09-05 11:18:32,100.000000000000000000,0ecdf023-f42d-4b55-87e6-42d8aefff0e2
IE/SPO.IE.IE0030DSample2_5,5,2023-06-07,2023-06-08,14.000000000000000000,ug.m-3,day,1,1,2024-09-05 11:18:32,100.000000000000000000,0ecdf023-f42d-4b55-87e6-42d8aefff0e2
IE/SPO.IE.IE0030DSample2_5,5,2023-06-08,2023-06-09,21.400000000000000000,ug.m-3,day,1,1,2024-09-05 11:18:32,100.000000000000000000,0ecdf023-f42d-4b55-87e6-42d8aefff0e2
IE/SPO.IE.IE0030DSample2_5,5,2023-06-09,2023-06-10,24.100000000000000000,ug.m-3,day,1,1,2024-09-05 11:18:32,100.000000000000000000,0ecdf023-f42d-4b55-87e6-42d8aefff0e2
IE/SPO.IE.IE0030DSample2_5,5,2023-06-10,2023-06-11,30.100000000000000000,ug.m-3,day,1,1,2024-09-05 11:18:32,100.000000000000000000,0ecdf023-f42d-4b55-87e6-42d8aefff0e2
IE/SPO.IE.IE0030DSample2_5,5,2023-06-11,2023-06-12,16.400000000000000000,ug.m-3,day,1,1,2024-09-05 11:18:32,100.000000000000000000,0ecdf023-f42d-4b55-87e6-42d8aefff0e2
IE/SPO.IE.IE0030DSample2_5,5,2023-06-12,2023-06-13,15.600000000000000000,ug.m-3,day,1,1,2024-09-05 11:18:32,100.000000000000000000,0ecdf023-f42d-4b55-87e6-42d8aefff0e2
IE/SPO.IE.IE0030DSample2_5,5,2023-06-13,2023-06-14,20.600000000000000000,ug.m-3,day,1,1,2024-09-05 11:18:32,100.000000000000000000,0ecdf023-f42d-4b55-87e6-42d8aefff0e2
IE/SPO.IE.IE0030DSample2_5,5,2023-06-14,2023-06-15,20.200000000000000000,ug.m-3,day,1,1,2024-09-05 11:18:32,100.000000000000000000,0ecdf023-f42d-4b55-87e6-42d8aefff0e2
IE/SPO.IE.IE0030DSample2_5,5,2023-06-15,2023-06-16,25.800000000000000000,ug.m-3,day,1,1,2024-09-05 11:18:32,100.000000000000000000,0ecdf023-f42d-4b55-87e6-42d8aefff0e2
IE/SPO.IE.IE0030DSample2_5,5,2023-06-16,2023-06-17,-999.000000000000000000,ug.m-3,day,-1,1,2024-09-05 11:18:32,0E-18,0ecdf023-f42d-4b55-87e6-42d8aefff0e2
IE/SPO.IE.IE0030DSample2_5,5,2023-06-17,2023-06-18,-999.000000000000000000,ug.m-3,day,-1,1,2024-09-05 11:18:32,0E-18,0ecdf023-f42d-4b55-87e6-42d8aefff0e2
IE/SPO.IE.IE0030DSample2_5,5,2023-06-18,2023-06-19,-999.000000000000000000,ug.m-3,day,-1,1,2024-09-05 11:18:32,0E-18,0ecdf023-f42d-4b55-87e6-42d8aefff0e2
IE/SPO.IE.IE0030DSample2_5,5,2023-06-19,2023-06-20,-999.000000000000000000,ug.m-3,day,-1,1,2024-09-05 11:18:32,0E-18,0ecdf023-f42d-4b55-87e6-42d8aefff0e2
IE/SPO.IE.IE0030DSample2_5,5,2023-06-20,2023-06-21,9.700000000000000000,ug.m-3,day,1,1,2024-09-05 11:18:32,100.000000000000000000,0ecdf023-f42d-4b55-87e6-42d8aefff0e2
IE/SPO.IE.IE0030DSample2_5,5,2023-06-21,2023-06-22,10.800000000000000000,ug.m-3,day,1,1,2024-09-05 11:18:32,100.000000000000000000,0ecdf023-f42d-4b55-87e6-42d8aefff0e2
IE/SPO.IE.IE0030DSample2_5,5,2023-06-22,2023-06-23,10.800000000000000000,ug.m-3,day,1,1,2024-09-05 11:18:32,100.000000000000000000,0ecdf023-f42d-4b55-87e6-42d8aefff0e2
IE/SPO.IE.IE0030DSample2_5,5,2023-06-23,2023-06-24,7.200000000000000000,ug.m-3,day,1,1,2024-09-05 11:18:32,100.000000000000000000,0ecdf023-f42d-4b55-87e6-42d8aefff0e2
IE/SPO.IE.IE0030DSample2_5,5,2023-06-24,2023-06-25,6.800000000000000000,ug.m-3,day,1,1,2024-09-05 11:18:32,100.000000000000000000,0ecdf023-f42d-4b55-87e6-42d8aefff0e2
IE/SPO.IE.IE0030DSample2_5,5,2023-06-25,2023-06-26,7.600000000000000000,ug.m-3,day,1,1,2024-09-05 11:18:32,100.000000000000000000,0ecdf023-f42d-4b55-87e6-42d8aefff0e2
IE/SPO.IE.IE0030DSample2_5,5,2023-06-26,2023-06-27,12.000000000000000000,ug.m-3,day,1,1,2024-09-05 11:18:32,100.000000000000000000,0ecdf023-f42d-4b55-87e6-42d8aefff0e2
IE/SPO.IE.IE0030DSample2_5,5,2023-06-27,2023-06-28,13.300000000000000000,ug.m-3,day,1,1,2024-09-05 11:18:32,100.000000000000000000,0ecdf023-f42d-4b55-87e6-42d8aefff0e2
IE/SPO.IE.IE0030DSample2_5,5,2023-06-28,2023-06-29,6.700000000000000000,ug.m-3,day,1,1,2024-09-05 11:18:32,100.000000000000000000,0ecdf023-f42d-4b55-87e6-42d8aefff0e2
IE/SPO.IE.IE0030DSample2_5,5,2023-06-29,2023-06-30,12.600000000000000000,ug.m-3,day,1,1,2024-09-05 11:18:32,100.000000000000000000,0ecdf023-f42d-4b55-87e6-42d8aefff0e2
IE/SPO.IE.IE0030DSample2_5,5,2023-06-30,2023-07-01,5.200000000000000000,ug.m-3,day,1,1,2024-09-05 11:18:32,100.000000000000000000,0ecdf023-f42d-4b55-87e6-42d8aefff0e2
IE/SPO.IE.IE0030DSample2_5,5,2023-07-01,2023-07-02,13.700000000000000000,ug.m-3,day,1,1,2024-09-05 11:18:32,100.000000000000000000,0ecdf023-f42d-4b55-87e6-42d8aefff0e2
IE/SPO.IE.IE0030DSample2_5,5,2023-07-02,2023-07-03,9.600000000000000000,ug.m-3,day,1,1,2024-09-05 11:18:32,100.000000000000000000,0ecdf023-f42d-4b55-87e6-42d8aefff0e2
IE/SPO.IE.IE0030DSample2_5,5,2023-07-03,2023-07-04,6.700000000000000000,ug.m-3,day,1,1,2024-09-05 11:18:32,100.000000000000000000,0ecdf023-f42d-4b55-87e6-42d8aefff0e2
IE/SPO.IE.IE0030DSample2_5,5,2023-07-04,2023-07-05,8.000000000000000000,ug.m-3,day,1,1,2024-09-05 11:18:32,100.000000000000000000,0ecdf023-f42d-4b55-87e6-42d8aefff0e2
IE/SPO.IE.IE0030DSample2_5,5,2023-07-05,2023-07-06,7.100000000000000000,ug.m-3,day,1,1,2024-09-05 11:18:32,100.000000000000000000,0ecdf023-f42d-4b55-87e6-42d8aefff0e2
IE/SPO.IE.IE0030DSample2_5,5,2023-07-06,2023-07-07,7.000000000000000000,ug.m-3,day,1,1,2024-09-05 11:18:32,100.000000000000000000,0ecdf023-f42d-4b55-87e6-42d8aefff0e2
IE/SPO.IE.IE0030DSample2_5,5,2023-07-07,2023-07-08,7.900000000000000000,ug.m-3,day,1,1,2024-09-05 11:18:32,100.000000000000000000,0ecdf023-f42d-4b55-87e6-42d8aefff0e2
IE/SPO.IE.IE0030DSample2_5,5,2023-07-08,2023-07-09,11.000000000000000000,ug.m-3,day,1,1,2024-09-05 11:18:32,100.000000000000000000,0ecdf023-f42d-4b55-87e6-42d8aefff0e2
IE/SPO.IE.IE0030DSample2_5,5,2023-07-09,2023-07-10,7.100000000000000000,ug.m-3,day,1,1,2024-09-05 11:18:32,100.000000000000000000,0ecdf023-f42d-4b55-87e6-42d8aefff0e2
IE/SPO.IE.IE0030DSample2_5,5,2023-07-10,2023-07-11,5.700000000000000000,ug.m-3,day,1,1,2024-09-05 11:18:32,100.000000000000000000,0ecdf023-f42d-4b55-87e6-42d8aefff0e2
IE/SPO.IE.IE0030DSample2_5,5,2023-07-11,2023-07-12,7.300000000000000000,ug.m-3,day,1,1,2024-09-05 11:18:32,100.000000000000000000,0ecdf023-f42d-4b55-87e6-42d8aefff0e2
IE/SPO.IE.IE0030DSample2_5,5,2023-07-12,2023-07-13,6.700000000000000000,ug.m-3,day,1,1,2024-09-05 11:18:32,100.000000000000000000,0ecdf023-f42d-4b55-87e6-42d8aefff0e2
IE/SPO.IE.IE0030DSample2_5,5,2023-07-13,2023-07-14,9.200000000000000000,ug.m-3,day,1,1,2024-09-05 11:18:32,100.000000000000000000,0ecdf023-f42d-4b55-87e6-42d8aefff0e2
IE/SPO.IE.IE0030DSample2_5,5,2023-07-14,2023-07-15,4.200000000000000000,ug.m-3,day,1,1,2024-09-05 11:18:32,100.000000000000000000,0ecdf023-f42d-4b55-87e6-42d8aefff0e2
IE/SPO.IE.IE0030DSample2_5,5,2023-07-15,2023-07-16,3.100000000000000000,ug.m-3,day,1,1,2024-09-05 11:18:32,100.000000000000000000,0ecdf023-f42d-4b55-87e6-42d8aefff0e2
IE/SPO.IE.IE0030DSample2_5,5,2023-07-16,2023-07-17,5.800000000000000000,ug.m-3,day,1,1,2024-09-05 11:18:32,100.000000000000000000,0ecdf023-f42d-4b55-87e6-42d8aefff0e2
IE/SPO.IE.IE0030DSample2_5,5,2023-07-17,2023-07-18,8.200000000000000000,ug.m-3,day,1,1,2024-09-05 11:18:32,100.000000000000000000,0ecdf023-f42d-4b55-87e6-42d8aefff0e2
IE/SPO.IE.IE0030DSample2_5,5,2023-07-18,2023-07-19,5.500000000000000000,ug.m-3,day,1,1,2024-09-05 11:18:32,100.000000000000000000,0ecdf023-f42d-4b55-87e6-42d8aefff0e2
IE/SPO.IE.IE0030DSample2_5,5,2023-07-19,2023-07-20,10.600000000000000000,ug.m-3,day,1,1,2024-09-05 11:18:32,100.000000000000000000,0ecdf023-f42d-4b55-87e6-42d8aefff0e2
IE/SPO.IE.IE0030DSample2_5,5,2023-07-20,2023-07-21,-999.000000000000000000,ug.m-3,day,-1,1,2024-09-05 11:18:32,0E-18,0ecdf023-f42d-4b55-87e6-42d8aefff0e2
IE/SPO.IE.IE0030DSample2_5,5,2023-07-21,2023-07-22,-999.000000000000000000,ug.m-3,day,-1,1,2024-09-05 11:18:32,0E-18,0ecdf023-f42d-4b55-87e6-42d8aefff0e2
IE/SPO.IE.IE0030DSample2_5,5,2023-07-22,2023-07-23,-999.000000000000000000,ug.m-3,day,-1,1,2024-09-05 11:18:32,0E-18,0ecdf023-f42d-4b55-87e6-42d8aefff0e2
IE/SPO.IE.IE0030DSample2_5,5,2023-07-23,2023-07-24,-999.000000000000000000,ug.m-3,day,-1,1,2024-09-05 11:18:32,0E-18,0ecdf023-f42d-4b55-87e6-42d8aefff0e2
IE/SPO.IE.IE0030DSample2_5,5,2023-07-24,2023-07-25,-999.000000000000000000,ug.m-3,day,-1,1,2024-09-05 11:18:32,0E-18,0ecdf023-f42d-4b55-87e6-42d8aefff0e2
IE/SPO.IE.IE0030DSample2_5,5,2023-07-25,2023-07-26,-999.000000000000000000,ug.m-3,day,-1,1,2024-09-05 11:18:32,0E-18,0ecdf023-f42d-4b55-87e6-42d8aefff0e2
IE/SPO.IE.IE0030DSample2_5,5,2023-07-26,2023-07-27,5.500000000000000000,ug.m-3,day,1,1,2024-09-05 11:18:32,100.000000000000000000,0ecdf023-f42d-4b55-87e6-42d8aefff0e2
IE/SPO.IE.IE0030DSample2_5,5,2023-07-27,2023-07-28,5.700000000000000000,ug.m-3,day,1,1,2024-09-05 11:18:32,100.000000000000000000,0ecdf023-f42d-4b55-87e6-42d8aefff0e2
IE/SPO.IE.IE0030DSample2_5,5,2023-07-28,2023-07-29,8.600000000000000000,ug.m-3,day,1,1,2024-09-05 11:18:32,100.000000000000000000,0ecdf023-f42d-4b55-87e6-42d8aefff0e2
IE/SPO.IE.IE0030DSample2_5,5,2023-07-29,2023-07-30,7.500000000000000000,ug.m-3,day,1,1,2024-09-05 11:18:32,100.000000000000000000,0ecdf023-f42d-4b55-87e6-42d8aefff0e2
IE/SPO.IE.IE0030DSample2_5,5,2023-07-30,2023-07-31,3.800000000000000000,ug.m-3,day,1,1,2024-09-05 11:18:32,100.000000000000000000,0ecdf023-f42d-4b55-87e6-42d8aefff0e2
IE/SPO.IE.IE0030DSample2_5,5,2023-07-31,2023-08-01,5.300000000000000000,ug.m-3,day,1,1,2024-09-05 11:18:32,100.000000000000000000,0ecdf023-f42d-4b55-87e6-42d8aefff0e2
IE/SPO.IE.IE0030DSample2_5,5,2023-08-01,2023-08-02,8.600000000000000000,ug.m-3,day,1,1,2024-09-05 11:18:32,100.000000000000000000,0ecdf023-f42d-4b55-87e6-42d8aefff0e2
IE/SPO.IE.IE0030DSample2_5,5,2023-08-02,2023-08-03,4.400000000000000000,ug.m-3,day,1,1,2024-09-05 11:18:32,100.000000000000000000,0ecdf023-f42d-4b55-87e6-42d8aefff0e2
IE/SPO.IE.IE0030DSample2_5,5,2023-08-03,2023-08-04,8.000000000000000000,ug.m-3,day,1,1,2024-09-05 11:18:32,100.000000000000000000,0ecdf023-f42d-4b55-87e6-42d8aefff0e2
IE/SPO.IE.IE0030DSample2_5,5,2023-08-04,2023-08-05,16.000000000000000000,ug.m-3,day,1,1,2024-09-05 11:18:32,100.000000000000000000,0ecdf023-f42d-4b55-87e6-42d8aefff0e2
IE/SPO.IE.IE0030DSample2_5,5,2023-08-05,2023-08-06,3.300000000000000000,ug.m-3,day,1,1,2024-09-05 11:18:32,100.000000000000000000,0ecdf023-f42d-4b55-87e6-42d8aefff0e2
IE/SPO.IE.IE0030DSample2_5,5,2023-08-06,2023-08-07,5.700000000000000000,ug.m-3,day,1,1,2024-09-05 11:18:32,100.000000000000000000,0ecdf023-f42d-4b55-87e6-42d8aefff0e2
IE/SPO.IE.IE0030DSample2_5,5,2023-08-07,2023-08-08,5.000000000000000000,ug.m-3,day,1,1,2024-09-05 11:18:32,100.000000000000000000,0ecdf023-f42d-4b55-87e6-42d8aefff0e2
IE/SPO.IE.IE0030DSample2_5,5,2023-08-08,2023-08-09,7.900000000000000000,ug.m-3,day,1,1,2024-09-05 11:18:32,100.000000000000000000,0ecdf023-f42d-4b55-87e6-42d8aefff0e2
IE/SPO.IE.IE0030DSample2_5,5,2023-08-09,2023-08-10,-999.000000000000000000,ug.m-3,day,-1,1,2024-09-05 11:18:32,0E-18,0ecdf023-f42d-4b55-87e6-42d8aefff0e2
IE/SPO.IE.IE0030DSample2_5,5,2023-08-10,2023-08-11,-999.000000000000000000,ug.m-3,day,-1,1,2024-09-05 11:18:32,0E-18,0ecdf023-f42d-4b55-87e6-42d8aefff0e2
IE/SPO.IE.IE0030DSample2_5,5,2023-08-11,2023-08-12,-999.000000000000000000,ug.m-3,day,-1,1,2024-09-05 11:18:32,0E-18,0ecdf023-f42d-4b55-87e6-42d8aefff0e2
IE/SPO.IE.IE0030DSample2_5,5,2023-08-12,2023-08-13,-999.000000000000000000,ug.m-3,day,-1,1,2024-09-05 11:18:32,0E-18,0ecdf023-f42d-4b55-87e6-42d8aefff0e2
IE/SPO.IE.IE0030DSample2_5,5,2023-08-13,2023-08-14,-999.000000000000000000,ug.m-3,day,-1,1,2024-09-05 11:18:32,0E-18,0ecdf023-f42d-4b55-87e6-42d8aefff0e2
IE/SPO.IE.IE0030DSample2_5,5,2023-08-14,2023-08-15,-999.000000000000000000,ug.m-3,day,-1,1,2024-09-05 11:18:32,0E-18,0ecdf023-f42d-4b55-87e6-42d8aefff0e2
IE/SPO.IE.IE0030DSample2_5,5,2023-08-15,2023-08-16,-999.000000000000000000,ug.m-3,day,-1,1,2024-09-05 11:18:32,0E-18,0ecdf023-f42d-4b55-87e6-42d8aefff0e2
IE/SPO.IE.IE0030DSample2_5,5,2023-08-16,2023-08-17,-999.000000000000000000,ug.m-3,day,-1,1,2024-09-05 11:18:32,0E-18,0ecdf023-f42d-4b55-87e6-42d8aefff0e2
IE/SPO.IE.IE0030DSample2_5,5,2023-08-17,2023-08-18,-999.000000000000000000,ug.m-3,day,-1,1,2024-09-05 11:18:32,0E-18,0ecdf023-f42d-4b55-87e6-42d8aefff0e2
IE/SPO.IE.IE0030DSample2_5,5,2023-08-18,2023-08-19,-999.000000000000000000,ug.m-3,day,-1,1,2024-09-05 11:18:32,0E-18,0ecdf023-f42d-4b55-87e6-42d8aefff0e2
IE/SPO.IE.IE0030DSample2_5,5,2023-08-19,2023-08-20,-999.000000000000000000,ug.m-3,day,-1,1,2024-09-05 11:18:32,0E-18,0ecdf023-f42d-4b55-87e6-42d8aefff0e2
IE/SPO.IE.IE0030DSample2_5,5,2023-08-20,2023-08-21,-999.000000000000000000,ug.m-3,day,-1,1,2024-09-05 11:18:32,0E-18,0ecdf023-f42d-4b55-87e6-42d8aefff0e2
IE/SPO.IE.IE0030DSample2_5,5,2023-08-21,2023-08-22,-999.000000000000000000,ug.m-3,day,-1,1,2024-09-05 11:18:32,0E-18,0ecdf023-f42d-4b55-87e6-42d8aefff0e2
IE/SPO.IE.IE0030DSample2_5,5,2023-08-22,2023-08-23,10.500000000000000000,ug.m-3,day,1,1,2024-09-05 11:18:32,100.000000000000000000,0ecdf023-f42d-4b55-87e6-42d8aefff0e2
IE/SPO.IE.IE0030DSample2_5,5,2023-08-23,2023-08-24,10.900000000000000000,ug.m-3,day,1,1,2024-09-05 11:18:32,100.000000000000000000,0ecdf023-f42d-4b55-87e6-42d8aefff0e2
IE/SPO.IE.IE0030DSample2_5,5,2023-08-24,2023-08-25,7.900000000000000000,ug.m-3,day,1,1,2024-09-05 11:18:32,100.000000000000000000,0ecdf023-f42d-4b55-87e6-42d8aefff0e2
IE/SPO.IE.IE0030DSample2_5,5,2023-08-25,2023-08-26,8.100000000000000000,ug.m-3,day,1,1,2024-09-05 11:18:32,100.000000000000000000,0ecdf023-f42d-4b55-87e6-42d8aefff0e2
IE/SPO.IE.IE0030DSample2_5,5,2023-08-26,2023-08-27,5.800000000000000000,ug.m-3,day,1,1,2024-09-05 11:18:32,100.000000000000000000,0ecdf023-f42d-4b55-87e6-42d8aefff0e2
IE/SPO.IE.IE0030DSample2_5,5,2023-08-27,2023-08-28,4.800000000000000000,ug.m-3,day,1,1,2024-09-05 11:18:32,100.000000000000000000,0ecdf023-f42d-4b55-87e6-42d8aefff0e2
IE/SPO.IE.IE0030DSample2_5,5,2023-08-28,2023-08-29,7.700000000000000000,ug.m-3,day,1,1,2024-09-05 11:18:32,100.000000000000000000,0ecdf023-f42d-4b55-87e6-42d8aefff0e2
IE/SPO.IE.IE0030DSample2_5,5,2023-08-29,2023-08-30,11.000000000000000000,ug.m-3,day,1,1,2024-09-05 11:18:32,100.000000000000000000,0ecdf023-f42d-4b55-87e6-42d8aefff0e2
IE/SPO.IE.IE0030DSample2_5,5,2023-08-30,2023-08-31,8.400000000000000000,ug.m-3,day,1,1,2024-09-05 11:18:32,100.000000000000000000,0ecdf023-f42d-4b55-87e6-42d8aefff0e2
IE/SPO.IE.IE0030DSample2_5,5,2023-08-31,2023-09-01,4.100000000000000000,ug.m-3,day,1,1,2024-09-05 11:18:32,100.000000000000000000,0ecdf023-f42d-4b55-87e6-42d8aefff0e2
IE/SPO.IE.IE0030DSample2_5,5,2023-09-01,2023-09-02,9.800000000000000000,ug.m-3,day,1,1,2024-09-05 11:18:32,100.000000000000000000,0ecdf023-f42d-4b55-87e6-42d8aefff0e2
IE/SPO.IE.IE0030DSample2_5,5,2023-09-02,2023-09-03,14.200000000000000000,ug.m-3,day,1,1,2024-09-05 11:18:32,100.000000000000000000,0ecdf023-f42d-4b55-87e6-42d8aefff0e2
IE/SPO.IE.IE0030DSample2_5,5,2023-09-03,2023-09-04,6.500000000000000000,ug.m-3,day,1,1,2024-09-05 11:18:32,100.000000000000000000,0ecdf023-f42d-4b55-87e6-42d8aefff0e2
IE/SPO.IE.IE0030DSample2_5,5,2023-09-04,2023-09-05,10.900000000000000000,ug.m-3,day,1,1,2024-09-05 11:18:32,100.000000000000000000,0ecdf023-f42d-4b55-87e6-42d8aefff0e2
IE/SPO.IE.IE0030DSample2_5,5,2023-09-05,2023-09-06,15.400000000000000000,ug.m-3,day,1,1,2024-09-05 11:18:32,100.000000000000000000,0ecdf023-f42d-4b55-87e6-42d8aefff0e2
IE/SPO.IE.IE0030DSample2_5,5,2023-09-06,2023-09-07,15.400000000000000000,ug.m-3,day,1,1,2024-09-05 11:18:32,100.000000000000000000,0ecdf023-f42d-4b55-87e6-42d8aefff0e2
IE/SPO.IE.IE0030DSample2_5,5,2023-09-07,2023-09-08,26.900000000000000000,ug.m-3,day,1,1,2024-09-05 11:18:32,100.000000000000000000,0ecdf023-f42d-4b55-87e6-42d8aefff0e2
IE/SPO.IE.IE0030DSample2_5,5,2023-09-08,2023-09-09,39.300000000000000000,ug.m-3,day,1,1,2024-09-05 11:18:32,100.000000000000000000,0ecdf023-f42d-4b55-87e6-42d8aefff0e2
IE/SPO.IE.IE0030DSample2_5,5,2023-09-09,2023-09-10,14.000000000000000000,ug.m-3,day,1,1,2024-09-05 11:18:32,100.000000000000000000,0ecdf023-f42d-4b55-87e6-42d8aefff0e2
IE/SPO.IE.IE0030DSample2_5,5,2023-09-10,2023-09-11,14.000000000000000000,ug.m-3,day,1,1,2024-09-05 11:18:32,100.000000000000000000,0ecdf023-f42d-4b55-87e6-42d8aefff0e2
IE/SPO.IE.IE0030DSample2_5,5,2023-09-11,2023-09-12,7.100000000000000000,ug.m-3,day,1,1,2024-09-05 11:18:32,100.000000000000000000,0ecdf023-f42d-4b55-87e6-42d8aefff0e2
IE/SPO.IE.IE0030DSample2_5,5,2023-09-12,2023-09-13,9.600000000000000000,ug.m-3,day,1,1,2024-09-05 11:18:32,100.000000000000000000,0ecdf023-f42d-4b55-87e6-42d8aefff0e2
IE/SPO.IE.IE0030DSample2_5,5,2023-09-13,2023-09-14,12.100000000000000000,ug.m-3,day,1,1,2024-09-05 11:18:32,100.000000000000000000,0ecdf023-f42d-4b55-87e6-42d8aefff0e2
IE/SPO.IE.IE0030DSample2_5,5,2023-09-14,2023-09-15,10.100000000000000000,ug.m-3,day,1,1,2024-09-05 11:18:32,100.000000000000000000,0ecdf023-f42d-4b55-87e6-42d8aefff0e2
IE/SPO.IE.IE0030DSample2_5,5,2023-09-15,2023-09-16,5.000000000000000000,ug.m-3,day,1,1,2024-09-05 11:18:32,100.000000000000000000,0ecdf023-f42d-4b55-87e6-42d8aefff0e2
IE/SPO.IE.IE0030DSample2_5,5,2023-09-16,2023-09-17,5.900000000000000000,ug.m-3,day,1,1,2024-09-05 11:18:32,100.000000000000000000,0ecdf023-f42d-4b55-87e6-42d8aefff0e2
IE/SPO.IE.IE0030DSample2_5,5,2023-09-17,2023-09-18,10.500000000000000000,ug.m-3,day,1,1,2024-09-05 11:18:32,100.000000000000000000,0ecdf023-f42d-4b55-87e6-42d8aefff0e2
IE/SPO.IE.IE0030DSample2_5,5,2023-09-18,2023-09-19,7.600000000000000000,ug.m-3,day,1,1,2024-09-05 11:18:32,100.000000000000000000,0ecdf023-f42d-4b55-87e6-42d8aefff0e2
IE/SPO.IE.IE0030DSample2_5,5,2023-09-19,2023-09-20,5.000000000000000000,ug.m-3,day,1,1,2024-09-05 11:18:32,100.000000000000000000,0ecdf023-f42d-4b55-87e6-42d8aefff0e2
IE/SPO.IE.IE0030DSample2_5,5,2023-09-20,2023-09-21,5.500000000000000000,ug.m-3,day,1,1,2024-09-05 11:18:32,100.000000000000000000,0ecdf023-f42d-4b55-87e6-42d8aefff0e2
IE/SPO.IE.IE0030DSample2_5,5,2023-09-21,2023-09-22,11.000000000000000000,ug.m-3,day,1,1,2024-09-05 11:18:32,100.000000000000000000,0ecdf023-f42d-4b55-87e6-42d8aefff0e2
IE/SPO.IE.IE0030DSample2_5,5,2023-09-22,2023-09-23,10.600000000000000000,ug.m-3,day,1,1,2024-09-05 11:18:32,100.000000000000000000,0ecdf023-f42d-4b55-87e6-42d8aefff0e2
IE/SPO.IE.IE0030DSample2_5,5,2023-09-23,2023-09-24,8.600000000000000000,ug.m-3,day,1,1,2024-09-05 11:18:32,100.000000000000000000,0ecdf023-f42d-4b55-87e6-42d8aefff0e2
IE/SPO.IE.IE0030DSample2_5,5,2023-09-24,2023-09-25,4.900000000000000000,ug.m-3,day,1,1,2024-09-05 11:18:32,100.000000000000000000,0ecdf023-f42d-4b55-87e6-42d8aefff0e2
IE/SPO.IE.IE0030DSample2_5,5,2023-09-25,2023-09-26,15.400000000000000000,ug.m-3,day,1,1,2024-09-05 11:18:32,100.000000000000000000,0ecdf023-f42d-4b55-87e6-42d8aefff0e2
IE/SPO.IE.IE0030DSample2_5,5,2023-09-26,2023-09-27,7.500000000000000000,ug.m-3,day,1,1,2024-09-05 11:18:32,100.000000000000000000,0ecdf023-f42d-4b55-87e6-42d8aefff0e2
IE/SPO.IE.IE0030DSample2_5,5,2023-09-27,2023-09-28,5.500000000000000000,ug.m-3,day,1,1,2024-09-05 11:18:32,100.000000000000000000,0ecdf023-f42d-4b55-87e6-42d8aefff0e2
IE/SPO.IE.IE0030DSample2_5,5,2023-09-28,2023-09-29,15.500000000000000000,ug.m-3,day,1,1,2024-09-05 11:18:32,100.000000000000000000,0ecdf023-f42d-4b55-87e6-42d8aefff0e2
IE/SPO.IE.IE0030DSample2_5,5,2023-09-29,2023-09-30,13.300000000000000000,ug.m-3,day,1,1,2024-09-05 11:18:32,100.000000000000000000,0ecdf023-f42d-4b55-87e6-42d8aefff0e2
IE/SPO.IE.IE0030DSample2_5,5,2023-09-30,2023-10-01,5.300000000000000000,ug.m-3,day,1,1,2024-09-05 11:18:32,100.000000000000000000,0ecdf023-f42d-4b55-87e6-42d8aefff0e2
IE/SPO.IE.IE0030DSample2_5,5,2023-10-01,2023-10-02,7.400000000000000000,ug.m-3,day,1,1,2024-09-05 11:18:32,100.000000000000000000,0ecdf023-f42d-4b55-87e6-42d8aefff0e2
IE/SPO.IE.IE0030DSample2_5,5,2023-10-02,2023-10-03,15.500000000000000000,ug.m-3,day,1,1,2024-09-05 11:18:32,100.000000000000000000,0ecdf023-f42d-4b55-87e6-42d8aefff0e2
IE/SPO.IE.IE0030DSample2_5,5,2023-10-03,2023-10-04,10.300000000000000000,ug.m-3,day,1,1,2024-09-05 11:18:32,100.000000000000000000,0ecdf023-f42d-4b55-87e6-42d8aefff0e2
IE/SPO.IE.IE0030DSample2_5,5,2023-10-04,2023-10-05,12.500000000000000000,ug.m-3,day,1,1,2024-09-05 11:18:32,100.000000000000000000,0ecdf023-f42d-4b55-87e6-42d8aefff0e2
IE/SPO.IE.IE0030DSample2_5,5,2023-10-05,2023-10-06,3.800000000000000000,ug.m-3,day,1,1,2024-09-05 11:18:32,100.000000000000000000,0ecdf023-f42d-4b55-87e6-42d8aefff0e2
IE/SPO.IE.IE0030DSample2_5,5,2023-10-06,2023-10-07,7.200000000000000000,ug.m-3,day,1,1,2024-09-05 11:18:32,100.000000000000000000,0ecdf023-f42d-4b55-87e6-42d8aefff0e2
IE/SPO.IE.IE0030DSample2_5,5,2023-10-07,2023-10-08,18.100000000000000000,ug.m-3,day,1,1,2024-09-05 11:18:32,100.000000000000000000,0ecdf023-f42d-4b55-87e6-42d8aefff0e2
IE/SPO.IE.IE0030DSample2_5,5,2023-10-08,2023-10-09,12.300000000000000000,ug.m-3,day,1,1,2024-09-05 11:18:32,100.000000000000000000,0ecdf023-f42d-4b55-87e6-42d8aefff0e2
IE/SPO.IE.IE0030DSample2_5,5,2023-10-09,2023-10-10,25.500000000000000000,ug.m-3,day,1,1,2024-09-05 11:18:32,100.000000000000000000,0ecdf023-f42d-4b55-87e6-42d8aefff0e2
IE/SPO.IE.IE0030DSample2_5,5,2023-10-10,2023-10-11,19.600000000000000000,ug.m-3,day,1,1,2024-09-05 11:18:32,100.000000000000000000,0ecdf023-f42d-4b55-87e6-42d8aefff0e2
IE/SPO.IE.IE0030DSample2_5,5,2023-10-11,2023-10-12,10.100000000000000000,ug.m-3,day,1,1,2024-09-05 11:18:32,100.000000000000000000,0ecdf023-f42d-4b55-87e6-42d8aefff0e2
IE/SPO.IE.IE0030DSample2_5,5,2023-10-12,2023-10-13,22.100000000000000000,ug.m-3,day,1,1,2024-09-05 11:18:32,100.000000000000000000,0ecdf023-f42d-4b55-87e6-42d8aefff0e2
IE/SPO.IE.IE0030DSample2_5,5,2023-10-13,2023-10-14,11.500000000000000000,ug.m-3,day,1,1,2024-09-05 11:18:32,100.000000000000000000,0ecdf023-f42d-4b55-87e6-42d8aefff0e2
IE/SPO.IE.IE0030DSample2_5,5,2023-10-14,2023-10-15,7.100000000000000000,ug.m-3,day,1,1,2024-09-05 11:18:32,100.000000000000000000,0ecdf023-f42d-4b55-87e6-42d8aefff0e2
IE/SPO.IE.IE0030DSample2_5,5,2023-10-15,2023-10-16,11.800000000000000000,ug.m-3,day,1,1,2024-09-05 11:18:32,100.000000000000000000,0ecdf023-f42d-4b55-87e6-42d8aefff0e2
IE/SPO.IE.IE0030DSample2_5,5,2023-10-16,2023-10-17,19.300000000000000000,ug.m-3,day,1,1,2024-09-05 11:18:32,100.000000000000000000,0ecdf023-f42d-4b55-87e6-42d8aefff0e2
IE/SPO.IE.IE0030DSample2_5,5,2023-10-17,2023-10-18,9.400000000000000000,ug.m-3,day,1,1,2024-09-05 11:18:32,100.000000000000000000,0ecdf023-f42d-4b55-87e6-42d8aefff0e2
IE/SPO.IE.IE0030DSample2_5,5,2023-10-18,2023-10-19,12.200000000000000000,ug.m-3,day,1,1,2024-09-05 11:18:32,100.000000000000000000,0ecdf023-f42d-4b55-87e6-42d8aefff0e2
IE/SPO.IE.IE0030DSample2_5,5,2023-10-19,2023-10-20,5.600000000000000000,ug.m-3,day,1,1,2024-09-05 11:18:32,100.000000000000000000,0ecdf023-f42d-4b55-87e6-42d8aefff0e2
IE/SPO.IE.IE0030DSample2_5,5,2023-10-20,2023-10-21,7.300000000000000000,ug.m-3,day,1,1,2024-09-05 11:18:32,100.000000000000000000,0ecdf023-f42d-4b55-87e6-42d8aefff0e2
IE/SPO.IE.IE0030DSample2_5,5,2023-10-21,2023-10-22,7.500000000000000000,ug.m-3,day,1,1,2024-09-05 11:18:32,100.000000000000000000,0ecdf023-f42d-4b55-87e6-42d8aefff0e2
IE/SPO.IE.IE0030DSample2_5,5,2023-10-22,2023-10-23,11.800000000000000000,ug.m-3,day,1,1,2024-09-05 11:18:32,100.000000000000000000,0ecdf023-f42d-4b55-87e6-42d8aefff0e2
IE/SPO.IE.IE0030DSample2_5,5,2023-10-23,2023-10-24,7.100000000000000000,ug.m-3,day,1,1,2024-09-05 11:18:32,100.000000000000000000,0ecdf023-f42d-4b55-87e6-42d8aefff0e2
IE/SPO.IE.IE0030DSample2_5,5,2023-10-24,2023-10-25,9.900000000000000000,ug.m-3,day,1,1,2024-09-05 11:18:32,100.000000000000000000,0ecdf023-f42d-4b55-87e6-42d8aefff0e2
IE/SPO.IE.IE0030DSample2_5,5,2023-10-25,2023-10-26,9.900000000000000000,ug.m-3,day,1,1,2024-09-05 11:18:32,100.000000000000000000,0ecdf023-f42d-4b55-87e6-42d8aefff0e2
IE/SPO.IE.IE0030DSample2_5,5,2023-10-26,2023-10-27,10.700000000000000000,ug.m-3,day,1,1,2024-09-05 11:18:32,100.000000000000000000,0ecdf023-f42d-4b55-87e6-42d8aefff0e2
IE/SPO.IE.IE0030DSample2_5,5,2023-10-27,2023-10-28,11.200000000000000000,ug.m-3,day,1,1,2024-09-05 11:18:32,100.000000000000000000,0ecdf023-f42d-4b55-87e6-42d8aefff0e2
IE/SPO.IE.IE0030DSample2_5,5,2023-10-28,2023-10-29,7.300000000000000000,ug.m-3,day,1,1,2024-09-05 11:18:32,100.000000000000000000,0ecdf023-f42d-4b55-87e6-42d8aefff0e2
IE/SPO.IE.IE0030DSample2_5,5,2023-10-29,2023-10-30,12.400000000000000000,ug.m-3,day,1,1,2024-09-05 11:18:32,100.000000000000000000,0ecdf023-f42d-4b55-87e6-42d8aefff0e2
IE/SPO.IE.IE0030DSample2_5,5,2023-10-30,2023-10-31,15.600000000000000000,ug.m-3,day,1,1,2024-09-05 11:18:32,100.000000000000000000,0ecdf023-f42d-4b55-87e6-42d8aefff0e2
IE/SPO.IE.IE0030DSample2_5,5,2023-10-31,2023-11-01,19.400000000000000000,ug.m-3,day,1,1,2024-09-05 11:18:32,100.000000000000000000,0ecdf023-f42d-4b55-87e6-42d8aefff0e2
IE/SPO.IE.IE0030DSample2_5,5,2023-11-01,2023-11-02,14.300000000000000000,ug.m-3,day,1,1,2024-09-05 11:18:32,100.000000000000000000,0ecdf023-f42d-4b55-87e6-42d8aefff0e2
IE/SPO.IE.IE0030DSample2_5,5,2023-11-02,2023-11-03,18.800000000000000000,ug.m-3,day,1,1,2024-09-05 11:18:32,100.000000000000000000,0ecdf023-f42d-4b55-87e6-42d8aefff0e2
IE/SPO.IE.IE0030DSample2_5,5,2023-11-03,2023-11-04,17.200000000000000000,ug.m-3,day,1,1,2024-09-05 11:18:32,100.000000000000000000,0ecdf023-f42d-4b55-87e6-42d8aefff0e2
IE/SPO.IE.IE0030DSample2_5,5,2023-11-04,2023-11-05,10.000000000000000000,ug.m-3,day,1,1,2024-09-05 11:18:32,100.000000000000000000,0ecdf023-f42d-4b55-87e6-42d8aefff0e2
IE/SPO.IE.IE0030DSample2_5,5,2023-11-05,2023-11-06,6.600000000000000000,ug.m-3,day,1,1,2024-09-05 11:18:32,100.000000000000000000,0ecdf023-f42d-4b55-87e6-42d8aefff0e2
IE/SPO.IE.IE0030DSample2_5,5,2023-11-06,2023-11-07,15.700000000000000000,ug.m-3,day,1,1,2024-09-05 11:18:32,100.000000000000000000,0ecdf023-f42d-4b55-87e6-42d8aefff0e2
IE/SPO.IE.IE0030DSample2_5,5,2023-11-07,2023-11-08,19.600000000000000000,ug.m-3,day,1,1,2024-09-05 11:18:32,100.000000000000000000,0ecdf023-f42d-4b55-87e6-42d8aefff0e2
IE/SPO.IE.IE0030DSample2_5,5,2023-11-08,2023-11-09,18.400000000000000000,ug.m-3,day,1,1,2024-09-05 11:18:32,100.000000000000000000,0ecdf023-f42d-4b55-87e6-42d8aefff0e2
IE/SPO.IE.IE0030DSample2_5,5,2023-11-09,2023-11-10,13.200000000000000000,ug.m-3,day,1,1,2024-09-05 11:18:32,100.000000000000000000,0ecdf023-f42d-4b55-87e6-42d8aefff0e2
IE/SPO.IE.IE0030DSample2_5,5,2023-11-10,2023-11-11,12.500000000000000000,ug.m-3,day,1,1,2024-09-05 11:18:32,100.000000000000000000,0ecdf023-f42d-4b55-87e6-42d8aefff0e2
IE/SPO.IE.IE0030DSample2_5,5,2023-11-11,2023-11-12,23.200000000000000000,ug.m-3,day,1,1,2024-09-05 11:18:32,100.000000000000000000,0ecdf023-f42d-4b55-87e6-42d8aefff0e2
IE/SPO.IE.IE0030DSample2_5,5,2023-11-12,2023-11-13,10.400000000000000000,ug.m-3,day,1,1,2024-09-05 11:18:32,100.000000000000000000,0ecdf023-f42d-4b55-87e6-42d8aefff0e2
IE/SPO.IE.IE0030DSample2_5,5,2023-11-13,2023-11-14,10.600000000000000000,ug.m-3,day,1,1,2024-09-05 11:18:32,100.000000000000000000,0ecdf023-f42d-4b55-87e6-42d8aefff0e2
IE/SPO.IE.IE0030DSample2_5,5,2023-11-14,2023-11-15,15.300000000000000000,ug.m-3,day,1,1,2024-09-05 11:18:32,100.000000000000000000,0ecdf023-f42d-4b55-87e6-42d8aefff0e2
IE/SPO.IE.IE0030DSample2_5,5,2023-11-15,2023-11-16,36.600000000000000000,ug.m-3,day,1,1,2024-09-05 11:18:32,100.000000000000000000,0ecdf023-f42d-4b55-87e6-42d8aefff0e2
IE/SPO.IE.IE0030DSample2_5,5,2023-11-16,2023-11-17,39.600000000000000000,ug.m-3,day,1,1,2024-09-05 11:18:32,100.000000000000000000,0ecdf023-f42d-4b55-87e6-42d8aefff0e2
IE/SPO.IE.IE0030DSample2_5,5,2023-11-17,2023-11-18,14.800000000000000000,ug.m-3,day,1,1,2024-09-05 11:18:32,100.000000000000000000,0ecdf023-f42d-4b55-87e6-42d8aefff0e2
IE/SPO.IE.IE0030DSample2_5,5,2023-11-18,2023-11-19,7.400000000000000000,ug.m-3,day,1,1,2024-09-05 11:18:32,100.000000000000000000,0ecdf023-f42d-4b55-87e6-42d8aefff0e2
IE/SPO.IE.IE0030DSample2_5,5,2023-11-19,2023-11-20,8.300000000000000000,ug.m-3,day,1,1,2024-09-05 11:18:32,100.000000000000000000,0ecdf023-f42d-4b55-87e6-42d8aefff0e2
IE/SPO.IE.IE0030DSample2_5,5,2023-11-20,2023-11-21,11.200000000000000000,ug.m-3,day,1,1,2024-09-05 11:18:32,100.000000000000000000,0ecdf023-f42d-4b55-87e6-42d8aefff0e2
IE/SPO.IE.IE0030DSample2_5,5,2023-11-21,2023-11-22,31.300000000000000000,ug.m-3,day,1,1,2024-09-05 11:18:32,100.000000000000000000,0ecdf023-f42d-4b55-87e6-42d8aefff0e2
IE/SPO.IE.IE0030DSample2_5,5,2023-11-22,2023-11-23,4.600000000000000000,ug.m-3,day,1,1,2024-09-05 11:18:32,100.000000000000000000,0ecdf023-f42d-4b55-87e6-42d8aefff0e2
IE/SPO.IE.IE0030DSample2_5,5,2023-11-23,2023-11-24,8.900000000000000000,ug.m-3,day,1,1,2024-09-05 11:18:32,100.000000000000000000,0ecdf023-f42d-4b55-87e6-42d8aefff0e2
IE/SPO.IE.IE0030DSample2_5,5,2023-11-24,2023-11-25,33.200000000000000000,ug.m-3,day,1,1,2024-09-05 11:18:32,100.000000000000000000,0ecdf023-f42d-4b55-87e6-42d8aefff0e2
IE/SPO.IE.IE0030DSample2_5,5,2023-11-25,2023-11-26,29.100000000000000000,ug.m-3,day,1,1,2024-09-05 11:18:32,100.000000000000000000,0ecdf023-f42d-4b55-87e6-42d8aefff0e2
IE/SPO.IE.IE0030DSample2_5,5,2023-11-26,2023-11-27,12.000000000000000000,ug.m-3,day,1,1,2024-09-05 11:18:32,100.000000000000000000,0ecdf023-f42d-4b55-87e6-42d8aefff0e2
IE/SPO.IE.IE0030DSample2_5,5,2023-11-27,2023-11-28,14.300000000000000000,ug.m-3,day,1,1,2024-09-05 11:18:32,100.000000000000000000,0ecdf023-f42d-4b55-87e6-42d8aefff0e2
IE/SPO.IE.IE0030DSample2_5,5,2023-11-28,2023-11-29,39.900000000000000000,ug.m-3,day,1,1,2024-09-05 11:18:32,100.000000000000000000,0ecdf023-f42d-4b55-87e6-42d8aefff0e2
IE/SPO.IE.IE0030DSample2_5,5,2023-11-29,2023-11-30,24.300000000000000000,ug.m-3,day,1,1,2024-09-05 11:18:32,100.000000000000000000,0ecdf023-f42d-4b55-87e6-42d8aefff0e2
IE/SPO.IE.IE0030DSample2_5,5,2023-11-30,2023-12-01,12.700000000000000000,ug.m-3,day,1,1,2024-09-05 11:18:32,100.000000000000000000,0ecdf023-f42d-4b55-87e6-42d8aefff0e2
IE/SPO.IE.IE0030DSample2_5,5,2023-12-01,2023-12-02,25.000000000000000000,ug.m-3,day,1,1,2024-09-05 11:18:32,100.000000000000000000,0ecdf023-f42d-4b55-87e6-42d8aefff0e2
IE/SPO.IE.IE0030DSample2_5,5,2023-12-02,2023-12-03,26.100000000000000000,ug.m-3,day,1,1,2024-09-05 11:18:32,100.000000000000000000,0ecdf023-f42d-4b55-87e6-42d8aefff0e2
IE/SPO.IE.IE0030DSample2_5,5,2023-12-03,2023-12-04,16.000000000000000000,ug.m-3,day,1,1,2024-09-05 11:18:32,100.000000000000000000,0ecdf023-f42d-4b55-87e6-42d8aefff0e2
IE/SPO.IE.IE0030DSample2_5,5,2023-12-04,2023-12-05,8.600000000000000000,ug.m-3,day,1,1,2024-09-05 11:18:32,100.000000000000000000,0ecdf023-f42d-4b55-87e6-42d8aefff0e2
IE/SPO.IE.IE0030DSample2_5,5,2023-12-05,2023-12-06,23.900000000000000000,ug.m-3,day,1,1,2024-09-05 11:18:32,100.000000000000000000,0ecdf023-f42d-4b55-87e6-42d8aefff0e2
IE/SPO.IE.IE0030DSample2_5,5,2023-12-06,2023-12-07,7.100000000000000000,ug.m-3,day,1,1,2024-09-05 11:18:32,100.000000000000000000,0ecdf023-f42d-4b55-87e6-42d8aefff0e2
IE/SPO.IE.IE0030DSample2_5,5,2023-12-07,2023-12-08,8.900000000000000000,ug.m-3,day,1,1,2024-09-05 11:18:32,100.000000000000000000,0ecdf023-f42d-4b55-87e6-42d8aefff0e2
IE/SPO.IE.IE0030DSample2_5,5,2023-12-08,2023-12-09,12.300000000000000000,ug.m-3,day,1,1,2024-09-05 11:18:32,100.000000000000000000,0ecdf023-f42d-4b55-87e6-42d8aefff0e2
IE/SPO.IE.IE0030DSample2_5,5,2023-12-09,2023-12-10,12.400000000000000000,ug.m-3,day,1,1,2024-09-05 11:18:32,100.000000000000000000,0ecdf023-f42d-4b55-87e6-42d8aefff0e2
IE/SPO.IE.IE0030DSample2_5,5,2023-12-10,2023-12-11,9.500000000000000000,ug.m-3,day,1,1,2024-09-05 11:18:32,100.000000000000000000,0ecdf023-f42d-4b55-87e6-42d8aefff0e2
IE/SPO.IE.IE0030DSample2_5,5,2023-12-11,2023-12-12,8.500000000000000000,ug.m-3,day,1,1,2024-09-05 11:18:32,100.000000000000000000,0ecdf023-f42d-4b55-87e6-42d8aefff0e2
IE/SPO.IE.IE0030DSample2_5,5,2023-12-12,2023-12-13,11.300000000000000000,ug.m-3,day,1,1,2024-09-05 11:18:32,100.000000000000000000,0ecdf023-f42d-4b55-87e6-42d8aefff0e2
IE/SPO.IE.IE0030DSample2_5,5,2023-12-13,2023-12-14,9.700000000000000000,ug.m-3,day,1,1,2024-09-05 11:18:32,100.000000000000000000,0ecdf023-f42d-4b55-87e6-42d8aefff0e2
IE/SPO.IE.IE0030DSample2_5,5,2023-12-14,2023-12-15,19.800000000000000000,ug.m-3,day,1,1,2024-09-05 11:18:32,100.000000000000000000,0ecdf023-f42d-4b55-87e6-42d8aefff0e2
IE/SPO.IE.IE0030DSample2_5,5,2023-12-15,2023-12-16,22.600000000000000000,ug.m-3,day,1,1,2024-09-05 11:18:32,100.000000000000000000,0ecdf023-f42d-4b55-87e6-42d8aefff0e2
IE/SPO.IE.IE0030DSample2_5,5,2023-12-16,2023-12-17,3.400000000000000000,ug.m-3,day,1,1,2024-09-05 11:18:32,100.000000000000000000,0ecdf023-f42d-4b55-87e6-42d8aefff0e2
IE/SPO.IE.IE0030DSample2_5,5,2023-12-17,2023-12-18,6.200000000000000000,ug.m-3,day,1,1,2024-09-05 11:18:32,100.000000000000000000,0ecdf023-f42d-4b55-87e6-42d8aefff0e2
IE/SPO.IE.IE0030DSample2_5,5,2023-12-18,2023-12-19,3.200000000000000000,ug.m-3,day,1,1,2024-09-05 11:18:32,100.000000000000000000,0ecdf023-f42d-4b55-87e6-42d8aefff0e2
IE/SPO.IE.IE0030DSample2_5,5,2023-12-19,2023-12-20,11.700000000000000000,ug.m-3,day,1,1,2024-09-05 11:18:32,100.000000000000000000,0ecdf023-f42d-4b55-87e6-42d8aefff0e2
IE/SPO.IE.IE0030DSample2_5,5,2023-12-20,2023-12-21,6.900000000000000000,ug.m-3,day,1,1,2024-09-05 11:18:32,100.000000000000000000,0ecdf023-f42d-4b55-87e6-42d8aefff0e2
IE/SPO.IE.IE0030DSample2_5,5,2023-12-21,2023-12-22,8.900000000000000000,ug.m-3,day,1,1,2024-09-05 11:18:32,100.000000000000000000,0ecdf023-f42d-4b55-87e6-42d8aefff0e2
IE/SPO.IE.IE0030DSample2_5,5,2023-12-22,2023-12-23,7.500000000000000000,ug.m-3,day,1,1,2024-09-05 11:18:32,100.000000000000000000,0ecdf023-f42d-4b55-87e6-42d8aefff0e2
IE/SPO.IE.IE0030DSample2_5,5,2023-12-23,2023-12-24,3.000000000000000000,ug.m-3,day,1,1,2024-09-05 11:18:32,100.000000000000000000,0ecdf023-f42d-4b55-87e6-42d8aefff0e2
IE/SPO.IE.IE0030DSample2_5,5,2023-12-24,2023-12-25,3.700000000000000000,ug.m-3,day,1,1,2024-09-05 11:18:32,100.000000000000000000,0ecdf023-f42d-4b55-87e6-42d8aefff0e2
IE/SPO.IE.IE0030DSample2_5,5,2023-12-25,2023-12-26,7.600000000000000000,ug.m-3,day,1,1,2024-09-05 11:18:32,100.000000000000000000,0ecdf023-f42d-4b55-87e6-42d8aefff0e2
IE/SPO.IE.IE0030DSample2_5,5,2023-12-26,2023-12-27,10.600000000000000000,ug.m-3,day,1,1,2024-09-05 11:18:32,100.000000000000000000,0ecdf023-f42d-4b55-87e6-42d8aefff0e2
IE/SPO.IE.IE0030DSample2_5,5,2023-12-27,2023-12-28,2.900000000000000000,ug.m-3,day,1,1,2024-09-05 11:18:32,100.000000000000000000,0ecdf023-f42d-4b55-87e6-42d8aefff0e2
IE/SPO.IE.IE0030DSample2_5,5,2023-12-28,2023-12-29,6.900000000000000000,ug.m-3,day,1,1,2024-09-05 11:18:32,100.000000000000000000,0ecdf023-f42d-4b55-87e6-42d8aefff0e2
IE/SPO.IE.IE0030DSample2_5,5,2023-12-29,2023-12-30,8.800000000000000000,ug.m-3,day,1,1,2024-09-05 11:18:32,100.000000000000000000,0ecdf023-f42d-4b55-87e6-42d8aefff0e2
IE/SPO.IE.IE0030DSample2_5,5,2023-12-30,2023-12-31,10.800000000000000000,ug.m-3,day,1,1,2024-09-05 11:18:32,100.000000000000000000,0ecdf023-f42d-4b55-87e6-42d8aefff0e2
IE/SPO.IE.IE0030DSample2_5,5,2023-12-31,2024-01-01,5.400000000000000000,ug.m-3,day,1,1,2024-09-05 11:18:32,100.000000000000000000,0ecdf023-f42d-4b55-87e6-42d8aefff0e2
